,issue,urgency
0,"Upon reviewing my bank account statement, I noticed several unauthorized transactions for withdrawals made from ATMs in locations I haven't visited. These transactions were not initiated or authorized by me, indicating potential fraudulent activity on my account. I have immediately contacted the bank to report these unauthorized withdrawals and request a thorough investigation into the matter. Urgent assistance is required to freeze my account, reverse the unauthorized transactions, and enhance security measures to prevent further fraudulent activity.",0.95
1,"A discrepancy has emerged in my bank account balance, where several transactions are missing from my recent statement. These missing transactions include deposits and transfers that I have made, leading to confusion and uncertainty about the accuracy of my account balance. Urgent action is needed to reconcile these missing transactions and ensure the integrity of my account records. I urge the bank to promptly investigate this issue and provide a detailed explanation and correction.",0.88
2,"An unexpected overdraft fee appeared on my bank account statement, despite maintaining a sufficient balance to cover all transactions. This fee has caused financial strain and frustration, as it seems to be an error on the bank's part. Urgent clarification and refund are required to rectify this discrepancy and restore the integrity of my account. I urge the bank to investigate this matter promptly and refund the erroneous overdraft fee to my account.",0.91
3,"I received a notification about a large incoming wire transfer to my bank account, but the credited amount does not match the expected sum. This discrepancy has raised concerns about potential errors in the transfer process or unauthorized deductions by intermediary banks. Urgent clarification is necessary to reconcile the credited amount and ensure the accurate receipt of funds into my account. I urge the bank to investigate this matter promptly and provide a detailed explanation of the discrepancy.",0.94
4,"A distressing situation unfolded when I discovered unauthorized online transactions made from my bank account without my knowledge or consent. These unauthorized transactions include purchases and transfers to unfamiliar recipients, indicating potential security breaches or fraudulent activity. Urgent intervention is required to block any further unauthorized access to my account, reverse the fraudulent transactions, and enhance security measures to prevent future incidents. I urge the bank to prioritize this matter and take immediate action to safeguard my financial interests.",0.96
5,"An unsettling discrepancy has emerged in the interest credited to my savings account, where the accrued interest is lower than expected based on the prevailing interest rate. This discrepancy has raised concerns about potential errors in interest calculations or discrepancies in account settings. Urgent investigation and adjustment are needed to rectify this discrepancy and ensure the accurate crediting of interest to my account. I urge the bank to promptly review and correct this issue to prevent further financial implications.",0.89
6,"I encountered difficulty accessing my online bank account due to repeated login failures, despite entering the correct credentials. This unexpected issue has left me unable to manage my finances and access essential banking services. Urgent assistance is needed to resolve this technical issue and restore access to my online account. I urge the bank to expedite the resolution process and ensure uninterrupted access to my account.",0.92
7,"A concerning discrepancy has emerged in the transaction history of my checking account, where a payment made to a known recipient is missing from my statement. This missing transaction has raised concerns about potential errors in account records or unauthorized deductions. Urgent action is needed to reconcile this missing payment and ensure the accuracy of my account statements. I urge the bank to investigate this matter promptly and provide a detailed explanation and correction.",0.87
8,"I received a notification about an automatic bill payment from my bank account, but the debited amount is higher than the expected sum. This discrepancy has raised concerns about potential errors in bill payment processing or unauthorized deductions. Urgent clarification is necessary to reconcile the debited amount and ensure the accurate processing of bill payments from my account. I urge the bank to investigate this matter promptly and provide a detailed explanation of the discrepancy.",0.93
9,"An alarming discrepancy has emerged in the balance of my bank account, where the available balance is significantly lower than expected. This unexpected reduction in my account balance has raised concerns about unauthorized transactions or errors in account records. Urgent investigation is necessary to identify the cause of the discrepancy and rectify any inaccuracies in my account balance. I urge the bank to prioritize this matter and take immediate steps to restore the integrity of my account.",0.9
10,"I encountered an unexpected delay in receiving a transfer from another bank to my account, which has caused financial strain and inconvenience. This delay is particularly concerning as the funds are needed for essential expenses. Urgent attention is required to expedite the processing of the transfer and ensure the timely receipt of funds into my account. I urge the bank to prioritize this matter and take immediate steps to resolve the delay.",0.97
11,"A distressing situation unfolded when I discovered an unauthorized debit from my bank account for a subscription service I never signed up for. This unauthorized deduction has raised concerns about the security of my account and potential fraudulent activity. Urgent intervention is necessary to investigate this debit, reverse the unauthorized transaction, and enhance security measures to prevent future incidents. I urge the bank to prioritize this matter and take immediate action to safeguard my financial interests.",0.98
12,"I encountered an unexpected delay in receiving a direct deposit into my bank account, which has caused financial strain and inconvenience. This delay is particularly concerning as the deposited funds are needed for essential expenses. Urgent attention is required to expedite the processing of the direct deposit and ensure the timely crediting of funds into my account. I urge the bank to prioritize this matter and take immediate steps to resolve the delay.",0.99
13,"An unsettling discrepancy has emerged in the balance of my savings account, where the available balance is significantly lower than expected. This unexpected reduction in my account balance has raised concerns about unauthorized transactions or errors in the bank's records. Urgent investigation is necessary to identify the cause of the discrepancy and rectify any inaccuracies in my account balance. I urge the bank to prioritize this matter and take immediate steps to restore the integrity of my account.",0.85
14,"I encountered an unexpected delay in receiving a refund for a returned purchase made with my credit card. Despite the merchant confirming the refund, the credited amount has not reflected in my account, causing financial inconvenience and uncertainty. Urgent investigation and resolution are needed to ensure the timely crediting of the refund to my account. I urge the bank to expedite the resolution process to mitigate the financial inconvenience caused by this delay.",0.86
15,"A distressing situation unfolded when I discovered unauthorized withdrawals from my checking account, which I did not initiate or authorize. These unauthorized transactions have raised concerns about the security of my account and potential fraudulent activity. Urgent intervention is necessary to investigate these withdrawals, block any further unauthorized access to my account, and initiate the recovery of the wrongfully deducted funds. I urge the bank to prioritize this matter and take immediate action to safeguard my financial interests.",0.87
16,"An alarming discrepancy has emerged in the interest calculation of my personal loan, where the accrued interest appears to be significantly higher than anticipated based on the agreed-upon terms. This discrepancy has raised concerns about potential overcharging by the bank and the accuracy of the loan calculations. Urgent clarification and adjustment are needed to rectify this discrepancy and ensure the accurate calculation of interest on my personal loan. I urge the bank to promptly review and correct this issue to prevent further financial implications.",0.88
17,"I encountered an unexpected delay in receiving a refund for a canceled reservation made with my debit card. Despite the merchant confirming the refund, the credited amount has not reflected in my account, causing financial inconvenience and uncertainty. Urgent investigation and resolution are needed to ensure the timely crediting of the refund to my account. I urge the bank to expedite the resolution process to mitigate the financial inconvenience caused by this delay.",0.89
18,"A distressing situation unfolded when I discovered unauthorized charges on my credit card statement for transactions I did not initiate or authorize. These unauthorized deductions have raised concerns about the security of my account and potential fraudulent activity. Urgent intervention is necessary to investigate these charges, reverse any unauthorized transactions, and enhance the security measures of my credit card account. I urge the bank to prioritize this matter and take immediate action to safeguard my financial interests.",0.9
19,"An unsettling discrepancy has emerged in the balance of my checking account, where the available balance is significantly lower than expected. This unexpected reduction in my account balance has raised concerns about unauthorized transactions or errors in the bank's records. Urgent investigation is necessary to identify the cause of the discrepancy and rectify any inaccuracies in my account balance. I urge the bank to prioritize this matter and take immediate steps to restore the integrity of my account.",0.91
20,"I encountered an unexpected delay in receiving a refund for a returned purchase made with my credit card. Despite the merchant confirming the refund, the credited amount has not reflected in my account, causing financial inconvenience and uncertainty. Urgent investigation and resolution are needed to ensure the timely crediting of the refund to my account. I urge the bank to expedite the resolution process to mitigate the financial inconvenience caused by this delay.",0.92
21,"A distressing situation unfolded when I discovered unauthorized withdrawals from my savings account, which I did not initiate or authorize. These unauthorized transactions have raised concerns about the security of my account and potential fraudulent activity. Urgent intervention is necessary to investigate these withdrawals, block any further unauthorized access to my account, and initiate the recovery of the wrongfully deducted funds. I urge the bank to prioritize this matter and take immediate action to safeguard my financial interests.",0.93
22,"An alarming discrepancy has emerged in the interest calculation of my auto loan, where the accrued interest appears to be significantly higher than anticipated based on the agreed-upon terms. This discrepancy has raised concerns about potential overcharging by the bank and the accuracy of the loan calculations. Urgent clarification and adjustment are needed to rectify this discrepancy and ensure the accurate calculation of interest on my auto loan. I urge the bank to promptly review and correct this issue to prevent further financial implications.",0.94
23,"I encountered an unexpected delay in processing a wire transfer initiated from my account, which has caused uncertainty and frustration about the status of the transfer. This delay is particularly concerning as the funds are urgently needed for a time-sensitive transaction. Urgent attention is required to expedite the processing of the wire transfer and ensure the timely completion of the transaction. I urge the bank to prioritize this matter and take immediate steps to resolve the delay.",0.95
24,"A distressing situation unfolded when I discovered an unauthorized charge on my debit card statement for a transaction I did not initiate or authorize. This unauthorized deduction has raised concerns about the security of my account and potential fraudulent activity. Urgent intervention is necessary to investigate this charge, reverse the unauthorized transaction, and enhance the security measures of my debit card account. I urge the bank to prioritize this matter and take immediate action to safeguard my financial interests.",0.96
25,"An unsettling discrepancy has emerged in the balance of my savings account, where the available balance is significantly lower than expected. This unexpected reduction in my account balance has raised concerns about unauthorized transactions or errors in the bank's records. Urgent investigation is necessary to identify the cause of the discrepancy and rectify any inaccuracies in my account balance. I urge the bank to prioritize this matter and take immediate steps to restore the integrity of my account.",0.97
26,"I encountered an unexpected delay in receiving a refund for a canceled reservation made with my credit card. Despite the merchant confirming the refund, the credited amount has not reflected in my account, causing financial inconvenience and uncertainty. Urgent investigation and resolution are needed to ensure the timely crediting of the refund to my account. I urge the bank to expedite the resolution process to mitigate the financial inconvenience caused by this delay.",0.98
27,"A distressing situation unfolded when I discovered unauthorized withdrawals from my checking account, which I did not initiate or authorize. These unauthorized transactions have raised concerns about the security of my account and potential fraudulent activity. Urgent intervention is necessary to investigate these withdrawals, block any further unauthorized access to my account, and initiate the recovery of the wrongfully deducted funds. I urge the bank to prioritize this matter and take immediate action to safeguard my financial interests.",0.99
28,"An alarming discrepancy has emerged in the interest calculation of my personal loan, where the accrued interest appears to be significantly higher than anticipated based on the agreed-upon terms. This discrepancy has raised concerns about potential overcharging by the bank and the accuracy of the loan calculations. Urgent clarification and adjustment are needed to rectify this discrepancy and ensure the accurate calculation of interest on my personal loan. I urge the bank to promptly review and correct this issue to prevent further financial implications.",0.85
29,"I encountered an unexpected delay in receiving a refund for a canceled reservation made with my debit card. Despite the merchant confirming the refund, the credited amount has not reflected in my account, causing financial inconvenience and uncertainty. Urgent investigation and resolution are needed to ensure the timely crediting of the refund to my account. I urge the bank to expedite the resolution process to mitigate the financial inconvenience caused by this delay.",0.86
30,"A distressing situation unfolded when I discovered unauthorized charges on my credit card statement for transactions I did not initiate or authorize. These unauthorized deductions have raised concerns about the security of my account and potential fraudulent activity. Urgent intervention is necessary to investigate these charges, reverse any unauthorized transactions, and enhance the security measures of my credit card account. I urge the bank to prioritize this matter and take immediate action to safeguard my financial interests.",0.87
31,"An unsettling discrepancy has emerged in the balance of my checking account, where the available balance is significantly lower than expected. This unexpected reduction in my account balance has raised concerns about unauthorized transactions or errors in the bank's records. Urgent investigation is necessary to identify the cause of the discrepancy and rectify any inaccuracies in my account balance. I urge the bank to prioritize this matter and take immediate steps to restore the integrity of my account.",0.88
32,"I encountered an unexpected delay in receiving a refund for a returned purchase made with my credit card. Despite the merchant confirming the refund, the credited amount has not reflected in my account, causing financial inconvenience and uncertainty. Urgent investigation and resolution are needed to ensure the timely crediting of the refund to my account. I urge the bank to expedite the resolution process to mitigate the financial inconvenience caused by this delay.",0.89
33,"A distressing situation unfolded when I discovered unauthorized withdrawals from my savings account, which I did not initiate or authorize. These unauthorized transactions have raised concerns about the security of my account and potential fraudulent activity. Urgent intervention is necessary to investigate these withdrawals, block any further unauthorized access to my account, and initiate the recovery of the wrongfully deducted funds. I urge the bank to prioritize this matter and take immediate action to safeguard my financial interests.",0.9
34,"An alarming discrepancy has emerged in the interest calculation of my auto loan, where the accrued interest appears to be significantly higher than anticipated based on the agreed-upon terms. This discrepancy has raised concerns about potential overcharging by the bank and the accuracy of the loan calculations. Urgent clarification and adjustment are needed to rectify this discrepancy and ensure the accurate calculation of interest on my auto loan. I urge the bank to promptly review and correct this issue to prevent further financial implications.",0.91
35,"I encountered an unexpected delay in processing a wire transfer initiated from my account, which has caused uncertainty and frustration about the status of the transfer. This delay is particularly concerning as the funds are urgently needed for a time-sensitive transaction. Urgent attention is required to expedite the processing of the wire transfer and ensure the timely completion of the transaction. I urge the bank to prioritize this matter and take immediate steps to resolve the delay.",0.92
36,"A distressing situation unfolded when I discovered an unauthorized charge on my debit card statement for a transaction I did not initiate or authorize. This unauthorized deduction has raised concerns about the security of my account and potential fraudulent activity. Urgent intervention is necessary to investigate this charge, reverse the unauthorized transaction, and enhance the security measures of my debit card account. I urge the bank to prioritize this matter and take immediate action to safeguard my financial interests.",0.93
37,"An unsettling discrepancy has emerged in the balance of my savings account, where the available balance is significantly lower than expected. This unexpected reduction in my account balance has raised concerns about unauthorized transactions or errors in the bank's records. Urgent investigation is necessary to identify the cause of the discrepancy and rectify any inaccuracies in my account balance. I urge the bank to prioritize this matter and take immediate steps to restore the integrity of my account.",0.94
38,"I encountered an unexpected delay in receiving a refund for a canceled reservation made with my credit card. Despite the merchant confirming the refund, the credited amount has not reflected in my account, causing financial inconvenience and uncertainty. Urgent investigation and resolution are needed to ensure the timely crediting of the refund to my account. I urge the bank to expedite the resolution process to mitigate the financial inconvenience caused by this delay.",0.95
39,"A distressing situation unfolded when I discovered unauthorized withdrawals from my checking account, which I did not initiate or authorize. These unauthorized transactions have raised concerns about the security of my account and potential fraudulent activity. Urgent intervention is necessary to investigate these withdrawals, block any further unauthorized access to my account, and initiate the recovery of the wrongfully deducted funds. I urge the bank to prioritize this matter and take immediate action to safeguard my financial interests.",0.96
40,"An alarming discrepancy has emerged in the interest calculation of my personal loan, where the accrued interest appears to be significantly higher than anticipated based on the agreed-upon terms. This discrepancy has raised concerns about potential overcharging by the bank and the accuracy of the loan calculations. Urgent clarification and adjustment are needed to rectify this discrepancy and ensure the accurate calculation of interest on my personal loan. I urge the bank to promptly review and correct this issue to prevent further financial implications.",0.97
41,"I encountered an unexpected delay in processing a wire transfer initiated from my account, which has caused uncertainty and frustration about the status of the transfer. This delay is particularly concerning as the funds are urgently needed for a time-sensitive transaction. Urgent attention is required to expedite the processing of the wire transfer and ensure the timely completion of the transaction. I urge the bank to prioritize this matter and take immediate steps to resolve the delay.",0.98
42,"A distressing situation unfolded when I discovered an unauthorized charge on my debit card statement for a transaction I did not initiate or authorize. This unauthorized deduction has raised concerns about the security of my account and potential fraudulent activity. Urgent intervention is necessary to investigate this charge, reverse the unauthorized transaction, and enhance the security measures of my debit card account. I urge the bank to prioritize this matter and take immediate action to safeguard my financial interests.",0.99
0,"I encountered difficulty logging into the bank's mobile banking app, despite entering the correct credentials. This unexpected issue has left me unable to access my account and manage my finances conveniently. Prompt assistance is required to troubleshoot and resolve this login issue. I urge the bank to prioritize this matter and ensure the seamless functioning of its mobile banking app.",0.6
1,"While using the bank's mobile banking app, I noticed that some of my recent transactions are not reflecting accurately in the transaction history. This discrepancy has raised concerns about the reliability of the app's transaction tracking feature. Moderate attention is required to investigate and rectify this issue to ensure the accuracy of transaction records within the app. I urge the bank to address this matter promptly to maintain customer trust and confidence in the app's functionality.",0.58
2,"Upon attempting to transfer funds using the bank's mobile banking app, I encountered an error message indicating a transaction failure. This unexpected error has hindered my ability to complete essential financial transactions conveniently. Moderate attention is required to identify the cause of this transaction failure and implement necessary fixes to ensure seamless fund transfers via the app. I urge the bank to address this issue promptly to minimize customer inconvenience.",0.59
3,"While navigating through the bank's mobile banking app, I experienced frequent lags and slow loading times, impacting the app's overall performance and user experience. This persistent issue has made it challenging to access account information and perform transactions efficiently. Moderate attention is required to optimize the app's performance and enhance its responsiveness for seamless user interaction. I urge the bank to prioritize this matter and invest in improving the app's speed and stability.",0.62
4,"I encountered an unexpected error while attempting to update my personal information through the bank's mobile banking app. Despite multiple attempts, I was unable to successfully save the changes, leading to frustration and inconvenience. Moderate attention is required to troubleshoot and resolve this error to ensure customers can update their information seamlessly using the app. I urge the bank to address this issue promptly to enhance the app's functionality and user experience.",0.65
5,"Upon reviewing my account balance on the bank's mobile banking app, I noticed that it does not reflect the most recent transactions, leading to discrepancies in the displayed balance. This inconsistency has raised concerns about the accuracy of account information provided through the app. Moderate attention is required to synchronize transaction data and update account balances in real-time within the app. I urge the bank to address this issue promptly to ensure customers have access to up-to-date account information.",0.63
6,"While attempting to set up account alerts on the bank's mobile banking app, I encountered difficulties configuring the notification preferences according to my requirements. This usability issue has hindered my ability to receive timely alerts about account activities and transactions. Moderate attention is required to streamline the alert setup process and improve user guidance within the app. I urge the bank to prioritize this matter and enhance the app's alert management functionality.",0.66
7,"While using the bank's mobile banking app to pay bills, I encountered an error message indicating a payment processing failure. This unexpected issue has disrupted my bill payment schedule and caused inconvenience. Moderate attention is required to identify the cause of this payment failure and implement necessary fixes to ensure seamless bill payments via the app. I urge the bank to address this issue promptly to minimize customer inconvenience and maintain the reliability of its app.",0.68
8,"I attempted to access my account statements through the bank's mobile banking app, but I encountered difficulties downloading and viewing the statements. This usability issue has made it challenging to review my account activity and track financial transactions conveniently. Moderate attention is required to optimize the statement viewing functionality within the app and ensure seamless access to account statements. I urge the bank to address this matter promptly to enhance the app's usability.",0.67
9,"Upon attempting to update the bank's mobile banking app to the latest version, I encountered an error preventing the installation process from completing successfully. This unexpected issue has hindered my ability to access the app's latest features and enhancements. Moderate attention is required to troubleshoot and resolve this installation error to ensure customers can update their apps seamlessly. I urge the bank to address this issue promptly to maintain the app's functionality and security.",0.69
10,"While attempting to initiate a mobile deposit through the bank's mobile banking app, I encountered difficulties capturing and processing the check images, leading to multiple failed attempts. This usability issue has made it challenging to deposit checks conveniently using the app. Moderate attention is required to optimize the mobile deposit feature and enhance image capture and processing capabilities. I urge the bank to prioritize this matter and improve the app's check deposit functionality.",0.71
11,"I encountered an unexpected error while attempting to access the bank's mobile banking app, with the app crashing repeatedly upon launch. This persistent issue has hindered my ability to use the app for essential financial tasks and inquiries. Moderate attention is required to identify the cause of these app crashes and implement necessary fixes to ensure stable app performance. I urge the bank to address this issue promptly to minimize customer inconvenience.",0.72
12,"While attempting to initiate a fund transfer using the bank's mobile banking app, I encountered an error message indicating a transaction processing delay. This unexpected delay has disrupted my financial transactions and caused uncertainty about the status of the transfer. Moderate attention is required to investigate the cause of this delay and expedite the processing of the fund transfer. I urge the bank to address this issue promptly to minimize customer inconvenience.",0.73
13,"Upon attempting to access my credit card account information through the bank's mobile banking app, I encountered difficulties navigating the interface and locating specific details about my account. This usability issue has hindered my ability to manage my credit card account conveniently using the app. Moderate attention is required to optimize the account information display and improve user navigation within the app. I urge the bank to prioritize this matter and enhance the app's credit card management functionality.",0.75
14,"While attempting to initiate a mobile deposit through the bank's mobile banking app, I encountered difficulties capturing and processing the check images, leading to multiple failed attempts. This usability issue has made it challenging to deposit checks conveniently using the app. Moderate attention is required to optimize the mobile deposit feature and enhance image capture and processing capabilities. I urge the bank to prioritize this matter and improve the app's check deposit functionality.",0.77
15,"I encountered an unexpected error while attempting to access the bank's mobile banking app, with the app freezing and becoming unresponsive intermittently. This persistent issue has hindered my ability to use the app for essential financial tasks and inquiries. Moderate attention is required to identify the cause of these freezes and implement necessary fixes to ensure smooth app performance. I urge the bank to address this issue promptly to minimize customer inconvenience.",0.76
16,"While using the bank's mobile banking app to transfer funds, I noticed a discrepancy between the amount entered for transfer and the amount deducted from my account. This discrepancy has raised concerns about the accuracy of fund transfer transactions processed through the app. Moderate attention is required to investigate the cause of this discrepancy and ensure the correct deduction of funds during transfers. I urge the bank to address this issue promptly to maintain transaction accuracy.",0.78
17,"Upon attempting to access my account statements through the bank's mobile banking app, I encountered difficulties downloading and viewing the statements. This usability issue has made it challenging to review my account activity and track financial transactions conveniently. Moderate attention is required to optimize the statement viewing functionality within the app and ensure seamless access to account statements. I urge the bank to address this matter promptly to enhance the app's usability.",0.79
18,"While attempting to initiate a mobile deposit through the bank's mobile banking app, I encountered difficulties capturing and processing the check images, leading to multiple failed attempts. This usability issue has made it challenging to deposit checks conveniently using the app. Moderate attention is required to optimize the mobile deposit feature and enhance image capture and processing capabilities. I urge the bank to prioritize this matter and improve the app's check deposit functionality.",0.8
19,"I encountered an unexpected error while attempting to access the bank's mobile banking app, with the app crashing repeatedly upon launch. This persistent issue has hindered my ability to use the app for essential financial tasks and inquiries. Moderate attention is required to identify the cause of these app crashes and implement necessary fixes to ensure stable app performance. I urge the bank to address this issue promptly to minimize customer inconvenience.",0.82
20,"While attempting to initiate a fund transfer using the bank's mobile banking app, I encountered an error message indicating a transaction processing delay. This unexpected delay has disrupted my financial transactions and caused uncertainty about the status of the transfer. Moderate attention is required to investigate the cause of this delay and expedite the processing of the fund transfer. I urge the bank to address this issue promptly to minimize customer inconvenience.",0.81
21,"Upon attempting to access my credit card account information through the bank's mobile banking app, I encountered difficulties navigating the interface and locating specific details about my account. This usability issue has hindered my ability to manage my credit card account conveniently using the app. Moderate attention is required to optimize the account information display and improve user navigation within the app. I urge the bank to prioritize this matter and enhance the app's credit card management functionality.",0.83
22,"While using the bank's mobile banking app to transfer funds, I noticed a discrepancy between the amount entered for transfer and the amount deducted from my account. This discrepancy has raised concerns about the accuracy of fund transfer transactions processed through the app. Moderate attention is required to investigate the cause of this discrepancy and ensure the correct deduction of funds during transfers. I urge the bank to address this issue promptly to maintain transaction accuracy.",0.85
23,"Upon attempting to access my account statements through the bank's mobile banking app, I encountered difficulties downloading and viewing the statements. This usability issue has made it challenging to review my account activity and track financial transactions conveniently. Moderate attention is required to optimize the statement viewing functionality within the app and ensure seamless access to account statements. I urge the bank to address this matter promptly to enhance the app's usability.",0.84
24,"While attempting to initiate a mobile deposit through the bank's mobile banking app, I encountered difficulties capturing and processing the check images, leading to multiple failed attempts. This usability issue has made it challenging to deposit checks conveniently using the app. Moderate attention is required to optimize the mobile deposit feature and enhance image capture and processing capabilities. I urge the bank to prioritize this matter and improve the app's check deposit functionality.",0.87
25,"I encountered an unexpected error while attempting to access the bank's mobile banking app, with the app crashing repeatedly upon launch. This persistent issue has hindered my ability to use the app for essential financial tasks and inquiries. Moderate attention is required to identify the cause of these app crashes and implement necessary fixes to ensure stable app performance. I urge the bank to address this issue promptly to minimize customer inconvenience.",0.86
0,"I noticed a minor typographical error in the 'About Us' section of the bank's website. While it doesn't affect functionality, correcting it would improve the professionalism of the site. Low urgency.",0.2
1,The color scheme of the bank's mobile app doesn't match my personal preferences. It would be nice if users could customize the app's appearance. Low urgency.,0.25
2,I received a promotional email from the bank advertising a new service that I'm not interested in. It would be better if the bank allowed users to opt out of certain email categories. Low urgency.,0.3
3,"The bank's website has a section for customer testimonials, but it hasn't been updated in a while. It would be beneficial to refresh these testimonials periodically. Low urgency.",0.28
4,"I noticed a grammatical error in the terms and conditions of the bank's mobile app. While it's not critical, correcting it would improve clarity. Low urgency.",0.22
5,The bank's mobile app icon on my phone's home screen looks outdated compared to other apps. It would be nice if the bank updated it to a more modern design. Low urgency.,0.27
6,"I received a survey request from the bank asking about my satisfaction with their services. While I appreciate the effort, I don't have time to fill it out right now. Low urgency.",0.24
7,"The bank's website has a blog section, but it hasn't been updated in several months. It would be beneficial to publish new blog posts more regularly. Low urgency.",0.26
8,"I noticed a discrepancy between the bank's logo displayed on their website and the one on their mobile app. While it's a minor detail, consistency would be nice. Low urgency.",0.23
9,"The bank's mobile app sends push notifications for every transaction, which can be overwhelming. It would be helpful if users could customize their notification preferences. Low urgency.",0.29
10,"I received a notification from the bank reminding me to set up automatic bill payments, but I prefer to pay manually. It would be helpful if users could opt out of these reminders. Low urgency.",0.21
11,"I noticed that the bank's website has a section for financial tips, but the content seems outdated. It would be beneficial to refresh these tips with more current information. Low urgency.",0.27
12,"The bank's mobile app has a feature for budget tracking, but it doesn't offer insights or recommendations. It would be useful if it provided more actionable advice. Low urgency.",0.26
13,"I received a generic birthday email from the bank with a discount offer, but I don't plan to use it. It would be nice if the bank personalized these messages based on user preferences. Low urgency.",0.24
14,"The bank's website has a section for frequently asked questions, but some of the answers are outdated. It would be helpful to update them to reflect current policies. Low urgency.",0.25
15,"I received a notification from the bank about an upcoming webinar on financial planning, but I'm not available to attend. It would be nice if the bank offered webinar recordings for later viewing. Low urgency.",0.23
16,"The bank's mobile app has a feature for financial goal setting, but it lacks customization options. It would be beneficial if users could tailor their goals more specifically. Low urgency.",0.22
17,"I received an email newsletter from the bank with tips for saving money, but they were too generic to be useful. It would be beneficial if the bank provided more targeted advice. Low urgency.",0.28
18,"The bank's website has a section for customer testimonials, but it lacks diversity in the voices represented. It would be beneficial to feature a wider range of customer experiences. Low urgency.",0.26
19,"I noticed that the bank's website loads slowly on my mobile device compared to other sites. While it's not a major issue, improving loading times would enhance user experience. Low urgency.",0.27
20,"The bank's mobile app has a feature for tracking spending habits, but it doesn't provide insights into areas for improvement. It would be useful if it offered suggestions for reducing expenses. Low urgency.",0.29
21,"I received an email from the bank congratulating me on reaching a savings milestone, but I don't recall setting any specific savings goals. It would be helpful if the bank provided more context for these messages. Low urgency.",0.24
22,"The bank's website has a section for financial calculators, but some of the calculators are outdated or inaccurate. It would be helpful to review and update them for accuracy. Low urgency.",0.25
23,"I received a notification from the bank about a limited-time offer for a credit card upgrade, but I'm satisfied with my current card. It would be nice if users could opt out of these promotional messages. Low urgency.",0.26
24,"The bank's mobile app has a feature for setting savings goals, but it doesn't provide guidance on how to achieve them. It would be useful if it offered tips or resources for reaching financial milestones. Low urgency.",0.23
0,"Upon reviewing my credit card statement, I discovered an unauthorized transaction for a significant amount. This transaction was not initiated or authorized by me, and I'm deeply concerned about potential fraudulent activity on my account. I have immediately suspended my card to prevent further unauthorized charges, but urgent assistance is required from the bank to investigate this matter thoroughly. I request a detailed investigation into the transaction, including its origin, timing, and any associated parties. Additionally, I urge the bank to expedite the reversal of this unauthorized charge and implement measures to enhance the security of my account to prevent similar incidents in the future.",0.85
1,"I encountered a distressing situation when attempting to make a purchase using my debit card. Despite having ample funds in my account, the transaction was declined without any explanation. This occurrence left me in a precarious position as I urgently needed to complete the purchase. I promptly contacted customer service, but the issue remains unresolved, causing significant inconvenience. I implore the bank to prioritize resolving this matter swiftly to restore my confidence in the reliability of my debit card for future transactions.",0.92
2,"An alarming notification alerted me to a large transaction debited from my account, which I did not authorize. This unauthorized deduction has raised serious concerns regarding the security of my account and the possibility of fraudulent activity. I immediately contacted the bank to report this issue and request an investigation into the origin and legitimacy of the transaction. The urgency of this matter cannot be overstated, as the potential financial implications are significant. I urge the bank to expedite the investigation process and ensure the immediate reversal of this unauthorized transaction to safeguard my financial interests.",0.95
3,An unsettling discrepancy has emerged concerning a recent transaction made with my debit card. The amount debited from my account does not align with the value indicated on the receipt provided by the merchant. This inconsistency has left me perplexed and concerned about potential errors or discrepancies in the bank's records. Urgent clarification is necessary to reconcile these discrepancies and ensure the accuracy and integrity of my account statements. I urge the bank to investigate this matter promptly and provide a detailed explanation of the discrepancy to alleviate my concerns and restore confidence in the reliability of my banking transactions.,0.88
4,"A distressing incident occurred while attempting to withdraw cash from an ATM using my debit card. Despite multiple attempts, the machine malfunctioned, failing to dispense cash, yet debiting my account for the attempted withdrawals. This unexpected occurrence has left me in a precarious financial situation, as the deducted amount remains inaccessible. Urgent resolution is imperative to refund the debited amount and rectify the technical malfunction of the ATM. I urge the bank to expedite the resolution process to mitigate the financial inconvenience caused by this incident and restore trust in the reliability of their banking services.",0.94
5,"My credit card statement revealed a disturbing irregularity, as I noticed duplicate charges for the same transaction. This double billing has resulted in an overdraft on my account, leading to additional financial strain and inconvenience. Urgent intervention is necessary to rectify this billing error and refund the duplicate charges to my account promptly. I implore the bank to expedite the resolution process and implement measures to prevent similar billing discrepancies in the future, ensuring the integrity and accuracy of their billing systems.",0.9
6,"A concerning notification alerted me to a payment made to an unfamiliar merchant from my account, which I did not initiate or authorize. This unauthorized transaction has raised serious concerns regarding the security of my account and the potential exposure to fraudulent activity. Urgent investigation is imperative to determine the origin and legitimacy of this transaction and prevent further unauthorized access to my account. I urge the bank to prioritize this matter and undertake a thorough investigation to safeguard my financial interests and restore confidence in the security of their banking services.",0.96
7,"I encountered a significant inconvenience when attempting to use my debit card for transactions due to a damaged magnetic strip. Despite numerous attempts, the card was repeatedly declined, rendering it unusable for essential purchases and transactions. Urgent replacement of the damaged card is essential to restore my ability to access funds and conduct transactions smoothly. I implore the bank to expedite the issuance of a new card to mitigate the inconvenience caused by this technical issue and ensure uninterrupted access to my banking services.",0.91
8,A distressing situation unfolded when a pre-authorized transaction was processed on my debit card without my consent or authorization. This unauthorized deduction has raised serious concerns regarding the security of my account and the potential exposure to fraudulent activity. Urgent intervention is necessary to reverse the transaction and investigate the circumstances surrounding its initiation. I urge the bank to prioritize this matter and undertake a thorough investigation to identify any vulnerabilities in their security protocols and prevent future unauthorized transactions on my account.,0.97
9,"I faced a harrowing experience when discovering unauthorized withdrawals made from my account after my debit card was skimmed. These unauthorized transactions have caused significant financial loss and distress, highlighting serious security vulnerabilities in the bank's systems. Urgent action is imperative to block the compromised card, investigate the unauthorized transactions, and implement robust security measures to prevent similar incidents in the future. I urge the bank to prioritize this matter and undertake immediate steps to safeguard my account and restore trust in their banking services.",0.98
10,I noticed an unauthorized subscription charge on my credit card statement for a service I never signed up for. This unauthorized deduction has raised concerns about the security of my account and potential fraudulent activity. Urgent intervention is necessary to investigate this matter and ensure the immediate reversal of the unauthorized charge. I urge the bank to take swift action to protect my financial interests and restore confidence in their banking services.,0.87
11,"A concerning discrepancy has emerged in the transaction history of my savings account, where a deposit made several days ago is still not reflected in my account balance. This delay in crediting the deposit has caused inconvenience and uncertainty regarding the status of my funds. Urgent investigation and resolution are needed to rectify this discrepancy and ensure the timely crediting of the deposit to my account. I urge the bank to prioritize this matter and expedite the resolution process to alleviate my concerns.",0.86
12,"I encountered an unexpected overdraft fee on my checking account statement, despite maintaining a sufficient balance to cover all transactions. This unexpected charge has caused financial strain and frustration, as it appears to be an error on the part of the bank. Urgent clarification and refund are needed to rectify this discrepancy and restore the integrity of my account. I urge the bank to promptly investigate this matter and refund the erroneous overdraft fee to my account.",0.88
13,"An alarming discrepancy has surfaced in the interest calculation of my mortgage loan, where the accrued interest appears to be significantly higher than anticipated based on the agreed-upon terms. This discrepancy has raised concerns about the accuracy of the loan calculations and potential overcharging by the bank. Urgent clarification and adjustment are needed to rectify this discrepancy and ensure the accurate calculation of interest on my mortgage loan. I urge the bank to promptly review and correct this issue to prevent further financial implications.",0.89
14,"I encountered a frustrating experience when attempting to transfer funds between my accounts online, where the transaction failed to process despite multiple attempts. This technical glitch has caused inconvenience and uncertainty about the status of the funds involved. Urgent resolution is necessary to ensure the successful completion of the transaction and the accurate reflection of the transferred funds in my accounts. I urge the bank to expedite the resolution process to mitigate the inconvenience caused by this technical issue.",0.9
15,"A distressing situation unfolded when I discovered a discrepancy in the balance of my savings account, where the available balance is significantly lower than expected. This unexpected reduction in my account balance has raised concerns about unauthorized transactions or errors in the bank's records. Urgent investigation is necessary to identify the cause of the discrepancy and rectify any inaccuracies in my account balance. I urge the bank to prioritize this matter and take immediate steps to restore the integrity of my account.",0.91
16,"I encountered an unexpected fee on my credit card statement, which appears to be a foreign transaction fee for a purchase made domestically. This discrepancy has raised concerns about the accuracy of the billing statements and potential overcharging by the bank. Urgent clarification and refund are needed to rectify this discrepancy and ensure the accurate billing of my credit card transactions. I urge the bank to promptly investigate this matter and refund the erroneous foreign transaction fee to my account.",0.92
17,"An unsettling situation unfolded when I attempted to deposit a check into my account using the mobile banking app, but the transaction failed to process, and the funds were not credited to my account. This unexpected delay in crediting the deposit has caused uncertainty and inconvenience, as the funds are needed for essential expenses. Urgent resolution is necessary to ensure the successful crediting of the deposit to my account. I urge the bank to expedite the resolution process to mitigate the financial inconvenience caused by this technical issue.",0.93
18,"A concerning discrepancy has emerged in the interest calculation of my personal loan, where the accrued interest appears to be higher than the agreed-upon terms outlined in the loan agreement. This discrepancy has raised concerns about potential overcharging by the bank and the accuracy of the loan calculations. Urgent clarification and adjustment are needed to rectify this discrepancy and ensure the accurate calculation of interest on my personal loan. I urge the bank to promptly review and correct this issue to prevent further financial implications.",0.94
19,"I encountered an unexpected delay in receiving a refund for a returned purchase made with my debit card. Despite the merchant confirming the refund, the credited amount has not reflected in my account, causing financial inconvenience and uncertainty. Urgent investigation and resolution are needed to ensure the timely crediting of the refund to my account. I urge the bank to expedite the resolution process to mitigate the financial inconvenience caused by this delay.",0.95
20,"A distressing situation unfolded when I discovered unauthorized charges on my credit card statement for transactions I did not initiate or authorize. These unauthorized deductions have raised concerns about the security of my account and potential fraudulent activity. Urgent intervention is necessary to investigate these charges, reverse any unauthorized transactions, and enhance the security measures of my credit card account. I urge the bank to prioritize this matter and take immediate action to safeguard my financial interests.",0.96
21,"I encountered an unexpected delay in processing a loan application submitted to the bank, which has caused uncertainty and frustration about the status of the application. This delay is particularly concerning as the funds are urgently needed for a time-sensitive expense. Urgent attention is required to expedite the processing of the loan application and provide timely approval or feedback. I urge the bank to prioritize this matter and take immediate steps to ensure the prompt processing of my loan application.",0.97
22,"An alarming discrepancy has emerged in the interest calculation of my business loan, where the accrued interest appears to be significantly higher than anticipated based on the agreed-upon terms. This discrepancy has raised concerns about potential overcharging by the bank and the accuracy of the loan calculations. Urgent clarification and adjustment are needed to rectify this discrepancy and ensure the accurate calculation of interest on my business loan. I urge the bank to promptly review and correct this issue to prevent further financial implications.",0.98
23,"A distressing situation unfolded when I discovered unauthorized withdrawals from my savings account, which I did not initiate or authorize. These unauthorized transactions have raised concerns about the security of my account and potential fraudulent activity. Urgent intervention is necessary to investigate these withdrawals, block any further unauthorized access to my account, and initiate the recovery of the wrongfully deducted funds. I urge the bank to prioritize this matter and take immediate action to safeguard my financial interests.",0.99
24,"An unsettling discrepancy has emerged in the balance of my checking account, where the available balance is significantly lower than expected. This unexpected reduction in my account balance has raised concerns about unauthorized transactions or errors in the bank's records. Urgent investigation is necessary to identify the cause of the discrepancy and rectify any inaccuracies in my account balance. I urge the bank to prioritize this matter and take immediate steps to restore the integrity of my account.",0.82
25,"A concerning discrepancy has surfaced in the transaction history of my credit card statement, where a charge for a transaction I didn't recognize is listed. This discrepancy has raised concerns about potential fraudulent activity on my account. Urgent investigation is necessary to identify the origin of the unauthorized charge and rectify the error. I urge the bank to expedite the investigation process to safeguard my financial interests and restore confidence in their banking services.",0.83
26,"I encountered an unexpected delay in receiving a refund for a canceled reservation made with my credit card. Despite the merchant confirming the refund, the credited amount has not reflected in my account, causing financial inconvenience and uncertainty. Urgent investigation and resolution are needed to ensure the timely crediting of the refund to my account. I urge the bank to expedite the resolution process to mitigate the financial inconvenience caused by this delay.",0.84
27,"A distressing situation unfolded when I discovered an unauthorized withdrawal from my checking account, which I did not initiate or authorize. This unauthorized transaction has raised concerns about the security of my account and potential fraudulent activity. Urgent intervention is necessary to investigate this withdrawal, block any further unauthorized access to my account, and initiate the recovery of the wrongfully deducted funds. I urge the bank to prioritize this matter and take immediate action to safeguard my financial interests.",0.85
28,"An alarming discrepancy has emerged in the interest calculation of my auto loan, where the accrued interest appears to be significantly higher than anticipated based on the agreed-upon terms. This discrepancy has raised concerns about potential overcharging by the bank and the accuracy of the loan calculations. Urgent clarification and adjustment are needed to rectify this discrepancy and ensure the accurate calculation of interest on my auto loan. I urge the bank to promptly review and correct this issue to prevent further financial implications.",0.86
29,"I encountered an unexpected delay in processing a wire transfer initiated from my account, which has caused uncertainty and frustration about the status of the transfer. This delay is particularly concerning as the funds are urgently needed for a time-sensitive transaction. Urgent attention is required to expedite the processing of the wire transfer and ensure the timely completion of the transaction. I urge the bank to prioritize this matter and take immediate steps to resolve the delay.",0.87
30,"A distressing situation unfolded when I discovered an unauthorized charge on my debit card statement for a transaction I did not initiate or authorize. This unauthorized deduction has raised concerns about the security of my account and potential fraudulent activity. Urgent intervention is necessary to investigate this charge, reverse the unauthorized transaction, and enhance the security measures of my debit card account. I urge the bank to prioritize this matter and take immediate action to safeguard my financial interests.",0.88
31,"An unsettling discrepancy has emerged in the balance of my savings account, where the available balance is significantly lower than expected. This unexpected reduction in my account balance has raised concerns about unauthorized transactions or errors in the bank's records. Urgent investigation is necessary to identify the cause of the discrepancy and rectify any inaccuracies in my account balance. I urge the bank to prioritize this matter and take immediate steps to restore the integrity of my account.",0.89
32,"I encountered an unexpected delay in receiving a refund for a returned purchase made with my credit card. Despite the merchant confirming the refund, the credited amount has not reflected in my account, causing financial inconvenience and uncertainty. Urgent investigation and resolution are needed to ensure the timely crediting of the refund to my account. I urge the bank to expedite the resolution process to mitigate the financial inconvenience caused by this delay.",0.9
33,"A distressing situation unfolded when I discovered unauthorized withdrawals from my checking account, which I did not initiate or authorize. These unauthorized transactions have raised concerns about the security of my account and potential fraudulent activity. Urgent intervention is necessary to investigate these withdrawals, block any further unauthorized access to my account, and initiate the recovery of the wrongfully deducted funds. I urge the bank to prioritize this matter and take immediate action to safeguard my financial interests.",0.91
34,"An alarming discrepancy has emerged in the interest calculation of my personal loan, where the accrued interest appears to be significantly higher than anticipated based on the agreed-upon terms. This discrepancy has raised concerns about potential overcharging by the bank and the accuracy of the loan calculations. Urgent clarification and adjustment are needed to rectify this discrepancy and ensure the accurate calculation of interest on my personal loan. I urge the bank to promptly review and correct this issue to prevent further financial implications.",0.92
35,"I encountered an unexpected delay in receiving a refund for a canceled reservation made with my debit card. Despite the merchant confirming the refund, the credited amount has not reflected in my account, causing financial inconvenience and uncertainty. Urgent investigation and resolution are needed to ensure the timely crediting of the refund to my account. I urge the bank to expedite the resolution process to mitigate the financial inconvenience caused by this delay.",0.93
36,"A distressing situation unfolded when I discovered unauthorized charges on my credit card statement for transactions I did not initiate or authorize. These unauthorized deductions have raised concerns about the security of my account and potential fraudulent activity. Urgent intervention is necessary to investigate these charges, reverse any unauthorized transactions, and enhance the security measures of my credit card account. I urge the bank to prioritize this matter and take immediate action to safeguard my financial interests.",0.94
37,"An unsettling discrepancy has emerged in the balance of my checking account, where the available balance is significantly lower than expected. This unexpected reduction in my account balance has raised concerns about unauthorized transactions or errors in the bank's records. Urgent investigation is necessary to identify the cause of the discrepancy and rectify any inaccuracies in my account balance. I urge the bank to prioritize this matter and take immediate steps to restore the integrity of my account.",0.95
38,"I encountered an unexpected delay in receiving a refund for a returned purchase made with my credit card. Despite the merchant confirming the refund, the credited amount has not reflected in my account, causing financial inconvenience and uncertainty. Urgent investigation and resolution are needed to ensure the timely crediting of the refund to my account. I urge the bank to expedite the resolution process to mitigate the financial inconvenience caused by this delay.",0.96
39,"A distressing situation unfolded when I discovered unauthorized withdrawals from my savings account, which I did not initiate or authorize. These unauthorized transactions have raised concerns about the security of my account and potential fraudulent activity. Urgent intervention is necessary to investigate these withdrawals, block any further unauthorized access to my account, and initiate the recovery of the wrongfully deducted funds. I urge the bank to prioritize this matter and take immediate action to safeguard my financial interests.",0.97
40,"An alarming discrepancy has emerged in the interest calculation of my auto loan, where the accrued interest appears to be significantly higher than anticipated based on the agreed-upon terms. This discrepancy has raised concerns about potential overcharging by the bank and the accuracy of the loan calculations. Urgent clarification and adjustment are needed to rectify this discrepancy and ensure the accurate calculation of interest on my auto loan. I urge the bank to promptly review and correct this issue to prevent further financial implications.",0.98
41,"I encountered an unexpected delay in processing a wire transfer initiated from my account, which has caused uncertainty and frustration about the status of the transfer. This delay is particularly concerning as the funds are urgently needed for a time-sensitive transaction. Urgent attention is required to expedite the processing of the wire transfer and ensure the timely completion of the transaction. I urge the bank to prioritize this matter and take immediate steps to resolve the delay.",0.99
42,"A distressing situation unfolded when I discovered an unauthorized charge on my debit card statement for a transaction I did not initiate or authorize. This unauthorized deduction has raised concerns about the security of my account and potential fraudulent activity. Urgent intervention is necessary to investigate this charge, reverse the unauthorized transaction, and enhance the security measures of my debit card account. I urge the bank to prioritize this matter and take immediate action to safeguard my financial interests.",0.88
43,"An unsettling discrepancy has emerged in the balance of my savings account, where the available balance is significantly lower than expected. This unexpected reduction in my account balance has raised concerns about unauthorized transactions or errors in the bank's records. Urgent investigation is necessary to identify the cause of the discrepancy and rectify any inaccuracies in my account balance. I urge the bank to prioritize this matter and take immediate steps to restore the integrity of my account.",0.89
44,"I encountered an unexpected delay in receiving a refund for a canceled reservation made with my credit card. Despite the merchant confirming the refund, the credited amount has not reflected in my account, causing financial inconvenience and uncertainty. Urgent investigation and resolution are needed to ensure the timely crediting of the refund to my account. I urge the bank to expedite the resolution process to mitigate the financial inconvenience caused by this delay.",0.9
45,"A distressing situation unfolded when I discovered unauthorized withdrawals from my checking account, which I did not initiate or authorize. These unauthorized transactions have raised concerns about the security of my account and potential fraudulent activity. Urgent intervention is necessary to investigate these withdrawals, block any further unauthorized access to my account, and initiate the recovery of the wrongfully deducted funds. I urge the bank to prioritize this matter and take immediate action to safeguard my financial interests.",0.91
46,"An alarming discrepancy has emerged in the interest calculation of my personal loan, where the accrued interest appears to be significantly higher than anticipated based on the agreed-upon terms. This discrepancy has raised concerns about potential overcharging by the bank and the accuracy of the loan calculations. Urgent clarification and adjustment are needed to rectify this discrepancy and ensure the accurate calculation of interest on my personal loan. I urge the bank to promptly review and correct this issue to prevent further financial implications.",0.92
47,"I encountered an unexpected delay in receiving a refund for a returned purchase made with my debit card. Despite the merchant confirming the refund, the credited amount has not reflected in my account, causing financial inconvenience and uncertainty. Urgent investigation and resolution are needed to ensure the timely crediting of the refund to my account. I urge the bank to expedite the resolution process to mitigate the financial inconvenience caused by this delay.",0.93
48,"A distressing situation unfolded when I discovered unauthorized charges on my credit card statement for transactions I did not initiate or authorize. These unauthorized deductions have raised concerns about the security of my account and potential fraudulent activity. Urgent intervention is necessary to investigate these charges, reverse any unauthorized transactions, and enhance the security measures of my credit card account. I urge the bank to prioritize this matter and take immediate action to safeguard my financial interests.",0.94
49,"An unsettling discrepancy has emerged in the balance of my checking account, where the available balance is significantly lower than expected. This unexpected reduction in my account balance has raised concerns about unauthorized transactions or errors in the bank's records. Urgent investigation is necessary to identify the cause of the discrepancy and rectify any inaccuracies in my account balance. I urge the bank to prioritize this matter and take immediate steps to restore the integrity of my account.",0.95
0,"I received an email notification from the bank informing me about my latest account balance. While it's helpful, I would appreciate more detailed breakdowns of where my funds are allocated. Low urgency.",0.4
1,"The bank sent me an SMS reminder about an upcoming bill payment. While it's useful, I would prefer to receive such reminders via email for easier reference. Low to medium urgency.",0.45
2,"I received an email from the bank with a summary of my recent transactions. While it's informative, I would like the option to customize the frequency and level of detail in these summaries. Low to medium urgency.",0.47
3,"The bank sent me an SMS notification confirming a recent deposit into my account. While it's reassuring, I would appreciate more timely notifications for future transactions. Low to medium urgency.",0.48
4,"I received an email from the bank offering a new financial planning service. While it's interesting, I would like more information about the specific benefits and costs before considering it further. Low to medium urgency.",0.5
5,"The bank sent me an SMS alert about a suspicious transaction on my account. While it's reassuring, I would appreciate more guidance on what actions to take next to secure my account. Low to medium urgency.",0.52
6,"I received an email notification from the bank about changes to their privacy policy. While it's important, I would like a summary of the key updates for quicker review. Low to medium urgency.",0.55
7,"The bank sent me an SMS reminder to update my contact information. While it's necessary, I would prefer to receive such reminders via email for easier access to the update form. Low to medium urgency.",0.42
8,"I received an email from the bank informing me about an upcoming maintenance period for their online banking services. While it's necessary, I would appreciate more notice to plan accordingly. Low to medium urgency.",0.43
9,"The bank sent me an SMS notification confirming a recent credit card transaction. While it's helpful, I would like the option to receive notifications for all transactions, not just certain ones. Low to medium urgency.",0.46
10,"I received an email from the bank with a summary of my monthly account fees. While it's informative, I would like more transparency regarding the breakdown of these fees. Low to medium urgency.",0.49
11,"The bank sent me an SMS alert about an upcoming webinar on financial planning. While it's informative, I would like more details about the topics covered and speakers involved. Low to medium urgency.",0.51
12,"I received an email from the bank offering a discount on a new credit card. While it's tempting, I would like more information about the terms and conditions before considering it further. Low to medium urgency.",0.53
13,"The bank sent me an SMS reminder to review my account statements. While it's necessary, I would prefer to receive such reminders via email for easier access to the statements. Low to medium urgency.",0.56
14,"I received an email from the bank with tips on how to improve my credit score. While it's helpful, I would like more personalized recommendations based on my specific financial situation. Low to medium urgency.",0.57
15,"The bank sent me an SMS notification confirming a recent loan payment. While it's reassuring, I would appreciate more timely notifications for future payments. Low to medium urgency.",0.58
16,"I received an email from the bank announcing a new mobile banking app update. While it's informative, I would like more details about the new features and improvements. Low to medium urgency.",0.59
17,"The bank sent me an SMS alert about an upcoming change to their online banking login process. While it's necessary, I would appreciate more detailed instructions on how to prepare for the change. Low to medium urgency.",0.61
18,"I received an email from the bank with a summary of my investment portfolio performance. While it's informative, I would like more analysis and insights to help me make informed decisions. Low to medium urgency.",0.63
19,"The bank sent me an SMS reminder to update my account password. While it's necessary, I would prefer to receive such reminders via email for easier access to the password reset link. Low to medium urgency.",0.65
20,"I received an email from the bank offering a referral bonus for new account sign-ups. While it's enticing, I would like more information about the eligibility criteria and terms of the offer. Low to medium urgency.",0.67
21,"The bank sent me an SMS notification confirming a recent withdrawal from my savings account. While it's helpful, I would appreciate more detailed transaction descriptions for future notifications. Low to medium urgency.",0.69
22,"I received an email from the bank with a summary of my monthly credit card statement. While it's informative, I would like more insights into my spending habits and ways to optimize rewards. Low to medium urgency.",0.71
23,"The bank sent me an SMS alert about an upcoming change to their mobile banking app interface. While it's necessary, I would appreciate more guidance on how to navigate the updated interface. Low to medium urgency.",0.73
24,"I received an email from the bank with tips on how to protect my account from fraud. While it's helpful, I would like more specific examples and strategies for safeguarding my information. Low to medium urgency.",0.75
25,"The bank sent me an SMS notification confirming a recent transfer between my accounts. While it's helpful, I would appreciate more detailed information about the transfer, such as the recipient account. Low to medium urgency.",0.77
0,"I received a notice from the bank stating that my loan payment is overdue, but I made the payment on time. Urgent attention is needed to rectify this error and prevent any negative impact on my credit score.",0.85
1,"The bank has unexpectedly increased the interest rate on my loan, leading to higher monthly EMI payments. Urgent clarification is required regarding the reason for this increase and whether it can be reversed.",0.82
2,"I received an email from the bank stating that my loan application is missing required documents, but I submitted all necessary paperwork. Urgent investigation is needed to verify the status of my application.",0.88
3,"The bank has mistakenly debited double the amount from my account for the EMI payment, causing financial strain. Urgent action is required to refund the excess amount and prevent further inconvenience.",0.87
4,"I received a notification that my loan has been approved, but the terms and conditions differ from what was initially discussed. Urgent clarification is needed to ensure transparency and avoid misunderstandings.",0.84
5,"The bank's online portal is not allowing me to schedule my EMI payment for the upcoming month, despite the deadline being near. Urgent resolution is needed to avoid late payment penalties.",0.86
6,"I received a letter from the bank stating that my loan application has been rejected due to insufficient credit history, but I have a good credit score. Urgent review is needed to address this discrepancy.",0.83
7,"The bank has mistakenly classified my EMI payment as overdue, even though it was made before the due date. Urgent action is required to update the payment status and prevent negative consequences.",0.85
8,"I received a notice from the bank regarding a change in the repayment schedule for my loan, but I was not informed about this beforehand. Urgent clarification is needed to understand the reasons for the change.",0.82
9,"The bank's customer service representative provided incorrect information about the EMI deferment option, leading to confusion. Urgent clarification is needed to understand the eligibility criteria and process.",0.87
10,"I received an SMS alert about a missed EMI payment, but I have not taken any loan from the bank. Urgent investigation is needed to address this potential case of identity theft.",0.89
11,The bank has unexpectedly increased the processing fee for my loan application without prior notice. Urgent explanation is required regarding the rationale behind this change.,0.84
12,"I received an email stating that my loan repayment account has been deactivated due to non-payment, but I have sufficient funds. Urgent assistance is needed to reactivate the account and prevent penalties.",0.86
13,"The bank's online portal is not reflecting the recent EMI payment I made, even though the amount has been deducted from my account. Urgent investigation is needed to reconcile the payment status.",0.85
14,"I received a notice from the bank regarding a change in the loan interest rate, but I was not informed about this beforehand. Urgent clarification is needed to understand the impact on my EMI payments.",0.83
15,"The bank's website is showing incorrect information about the remaining EMI payments on my loan, causing confusion. Urgent correction is needed to provide accurate repayment details.",0.84
16,"I received an email stating that my loan application has been put on hold due to missing documents, but I have already submitted everything. Urgent verification is needed to proceed with the application process.",0.86
17,"The bank's automated EMI deduction system failed to process my payment on the due date, leading to late payment charges. Urgent resolution is needed to waive these charges and rectify the error.",0.87
18,"I received a notice from the bank regarding an increase in the EMI amount for my loan, but I was not informed about this change beforehand. Urgent explanation is required regarding the reasons for the increase.",0.85
19,"The bank mistakenly deducted the EMI amount twice from my account, causing an overdraft. Urgent action is needed to refund the excess amount and rectify the overdraft situation.",0.88
20,"I received an email stating that my loan application has been rejected due to insufficient income, but I provided all necessary financial documents. Urgent review is needed to reassess my eligibility.",0.84
21,"The bank's online portal is not allowing me to update my EMI payment method, even though I have recently changed banks. Urgent assistance is needed to ensure continuity of loan repayments.",0.86
22,"I received a notice from the bank stating that my loan account has been flagged for default, but I have been making timely payments. Urgent investigation is needed to address this discrepancy and prevent negative consequences.",0.87
23,"The bank has unexpectedly increased the EMI tenure for my loan without prior notice, leading to higher overall interest payments. Urgent explanation is required regarding the rationale behind this change.",0.85
24,"I received an email stating that my loan application has been rejected due to a technical issue, but no further details were provided. Urgent clarification is needed to understand the nature of the problem.",0.83
25,"The bank's online portal is not displaying the correct outstanding loan amount, making it difficult to track repayment progress. Urgent correction is needed to provide accurate account information.",0.84
0,"While trying to log in to the bank's website, I encountered an error message stating 'Invalid credentials' even though I'm using the correct username and password. This unexpected issue has prevented me from accessing my account and conducting essential transactions online. Moderate attention is required to troubleshoot and resolve this login error promptly. I urge the bank to prioritize this matter to ensure seamless website access for customers.",0.6
1,"Upon attempting to transfer funds through the bank's website, I encountered a system error message indicating 'Transaction failed.' This unexpected error has disrupted my financial transactions and raised concerns about the reliability of online fund transfers. Moderate attention is required to investigate the cause of this transaction failure and implement necessary fixes to ensure seamless fund transfers via the website. I urge the bank to address this issue promptly to minimize customer inconvenience.",0.58
2,"While navigating through the bank's website, I noticed that some of the links are not functioning correctly, leading to error pages or redirects to unrelated content. This usability issue has hindered my ability to access important information and complete online transactions smoothly. Moderate attention is required to identify and fix broken links within the website to ensure a seamless browsing experience for customers. I urge the bank to address this matter promptly to maintain website functionality.",0.59
3,"Upon attempting to access my account statements through the bank's website, I encountered difficulties downloading and viewing the statements. This usability issue has made it challenging to review my account activity and track financial transactions conveniently. Moderate attention is required to optimize the statement viewing functionality on the website and ensure seamless access to account statements. I urge the bank to address this matter promptly to enhance the website's usability.",0.62
4,"While trying to update my personal information on the bank's website, I encountered an error message stating 'Update failed.' Despite multiple attempts, I was unable to successfully save the changes, leading to frustration and inconvenience. Moderate attention is required to troubleshoot and resolve this error to ensure customers can update their information seamlessly on the website. I urge the bank to address this issue promptly to enhance website functionality.",0.65
5,"While attempting to apply for a new account through the bank's website, I encountered difficulties completing the online application form, with the submission process failing repeatedly. This usability issue has hindered my ability to open a new account conveniently online. Moderate attention is required to optimize the account application process on the website and ensure a seamless user experience. I urge the bank to address this matter promptly to facilitate online account openings for customers.",0.63
6,"Upon trying to access the bank's website, I noticed that the page loading times are unusually slow, leading to delays in accessing account information and conducting online transactions. This performance issue has negatively impacted the browsing experience and efficiency of online banking activities. Moderate attention is required to optimize the website's performance and enhance page loading speed. I urge the bank to address this matter promptly to improve the website's responsiveness.",0.66
7,"While attempting to reset my password on the bank's website, I encountered difficulties receiving the password reset email, despite entering the correct email address. This unexpected issue has hindered my ability to regain access to my account securely. Moderate attention is required to investigate and resolve the email delivery issue to ensure customers can reset their passwords conveniently. I urge the bank to address this matter promptly to enhance account security.",0.68
8,"Upon attempting to access the bank's website from a mobile device, I encountered display issues and layout inconsistencies, making it challenging to navigate and access account information. This usability issue has hindered my ability to perform essential banking tasks on the go. Moderate attention is required to optimize the website's mobile responsiveness and ensure a seamless browsing experience across different devices. I urge the bank to address this matter promptly to enhance mobile accessibility.",0.67
9,"While trying to enroll in online banking services through the bank's website, I encountered difficulties completing the registration process, with the submission failing repeatedly. This usability issue has hindered my ability to access online banking features and manage my account conveniently online. Moderate attention is required to streamline the enrollment process and ensure a seamless user experience for new registrants. I urge the bank to address this matter promptly to facilitate online banking access for customers.",0.69
10,"Upon attempting to access the bank's website, I encountered a security warning from my browser indicating a potential security risk. This alarming message has raised concerns about the safety of browsing the website and protecting sensitive information. Moderate attention is required to investigate and address any security vulnerabilities on the website to ensure customer data protection. I urge the bank to prioritize this matter promptly to maintain website security and customer trust.",0.71
11,"While navigating through the bank's website, I experienced frequent session timeouts, leading to the abrupt termination of my online banking sessions. This usability issue has disrupted my ability to perform continuous banking activities and access account information seamlessly. Moderate attention is required to extend session durations and prevent premature logouts to enhance the user experience on the website. I urge the bank to address this matter promptly to minimize customer inconvenience.",0.72
12,"Upon attempting to access my credit card account information through the bank's website, I encountered difficulties navigating the interface and locating specific details about my account. This usability issue has hindered my ability to manage my credit card account conveniently online. Moderate attention is required to optimize the account information display and improve user navigation within the website. I urge the bank to prioritize this matter and enhance the website's credit card management functionality.",0.73
13,"While trying to initiate a wire transfer through the bank's website, I encountered difficulties completing the transaction, with the submission process failing repeatedly. This unexpected issue has disrupted my ability to transfer funds conveniently online. Moderate attention is required to troubleshoot and resolve the transaction submission error to ensure seamless wire transfers via the website. I urge the bank to address this matter promptly to minimize customer inconvenience.",0.75
14,"Upon attempting to access the bank's website, I encountered a system error message indicating 'Service unavailable.' This unexpected error has prevented me from accessing online banking services and conducting essential transactions online. Moderate attention is required to investigate and resolve this service outage promptly. I urge the bank to address this issue promptly to restore website functionality and minimize customer disruption.",0.77
15,"While navigating through the bank's website, I noticed discrepancies between the information displayed on different pages, leading to confusion about account details and transaction history. This inconsistency has undermined my confidence in the accuracy of website information. Moderate attention is required to synchronize data across website pages and ensure uniformity in account information presentation. I urge the bank to address this matter promptly to maintain website credibility.",0.76
16,"Upon trying to access the bank's website, I encountered a browser compatibility issue, with certain website features not functioning correctly on my browser version. This compatibility issue has hindered my ability to access online banking services seamlessly. Moderate attention is required to optimize website compatibility across different browsers and versions to ensure a consistent user experience. I urge the bank to address this matter promptly to enhance website accessibility.",0.78
17,"While attempting to access my account statements through the bank's website, I encountered difficulties downloading and viewing the statements. This usability issue has made it challenging to review my account activity and track financial transactions conveniently. Moderate attention is required to optimize the statement viewing functionality on the website and ensure seamless access to account statements. I urge the bank to address this matter promptly to enhance the website's usability.",0.79
18,"Upon trying to initiate a wire transfer through the bank's website, I encountered difficulties completing the transaction, with the submission process failing repeatedly. This unexpected issue has disrupted my ability to transfer funds conveniently online. Moderate attention is required to troubleshoot and resolve the transaction submission error to ensure seamless wire transfers via the website. I urge the bank to address this matter promptly to minimize customer inconvenience.",0.8
19,"While navigating through the bank's website, I experienced frequent session timeouts, leading to the abrupt termination of my online banking sessions. This usability issue has disrupted my ability to perform continuous banking activities and access account information seamlessly. Moderate attention is required to extend session durations and prevent premature logouts to enhance the user experience on the website. I urge the bank to address this matter promptly to minimize customer inconvenience.",0.82
20,"Upon attempting to access my credit card account information through the bank's website, I encountered difficulties navigating the interface and locating specific details about my account. This usability issue has hindered my ability to manage my credit card account conveniently online. Moderate attention is required to optimize the account information display and improve user navigation within the website. I urge the bank to prioritize this matter and enhance the website's credit card management functionality.",0.81
21,"While trying to initiate a wire transfer through the bank's website, I encountered difficulties completing the transaction, with the submission process failing repeatedly. This unexpected issue has disrupted my ability to transfer funds conveniently online. Moderate attention is required to troubleshoot and resolve the transaction submission error to ensure seamless wire transfers via the website. I urge the bank to address this matter promptly to minimize customer inconvenience.",0.83
22,"Upon attempting to access the bank's website, I encountered a system error message indicating 'Service unavailable.' This unexpected error has prevented me from accessing online banking services and conducting essential transactions online. Moderate attention is required to investigate and resolve this service outage promptly. I urge the bank to address this issue promptly to restore website functionality and minimize customer disruption.",0.85
23,"While navigating through the bank's website, I noticed discrepancies between the information displayed on different pages, leading to confusion about account details and transaction history. This inconsistency has undermined my confidence in the accuracy of website information. Moderate attention is required to synchronize data across website pages and ensure uniformity in account information presentation. I urge the bank to address this matter promptly to maintain website credibility.",0.84
24,"Upon trying to access the bank's website, I encountered a browser compatibility issue, with certain website features not functioning correctly on my browser version. This compatibility issue has hindered my ability to access online banking services seamlessly. Moderate attention is required to optimize website compatibility across different browsers and versions to ensure a consistent user experience. I urge the bank to address this matter promptly to enhance website accessibility.",0.87
25,"While attempting to access my account statements through the bank's website, I encountered difficulties downloading and viewing the statements. This usability issue has made it challenging to review my account activity and track financial transactions conveniently. Moderate attention is required to optimize the statement viewing functionality on the website and ensure seamless access to account statements. I urge the bank to address this matter promptly to enhance the website's usability.",0.86
